﻿<skin name="Gxlcms" version="1.0" author="FonHen" email="" url="http://www.gxlnet.com" mask_color="" bgcolor="#fff" show_tips="0">
	<console xywh="0, 0, 100%, 86" src="console.png" mask="" lock="1" display="1" group="A">
		<bt_play xywh="52, 10, 42, 45" src="bt_play.png" tips="播放,暂停"/>
		<bt_mute xywh="35, 23c, 11, 9" src="bt_mute.png" tips="静音,打开声音"/>
		<volume xywh="50, 23c, 55, 5" thumb_src="volume_thumb.png" track_src="volume_track.png" tips="音量"/>
		<progress xywh="150, -3c, 95%, 5" thumb_src="progress_thumb.png" track_src="progress_track.png" thumb_autohide="0"/>
		<time xywh="290, 23c, 150, 20" align="left" font="Verdana" size="12" color="#828282"/>
		<status xywh="180, 23c, 130, 20" align="left" url="logging.php?action=login" font="Verdana" size="12" color="#828282"/>
	</console>
</skin>